{
  "project_info": {
    "project_number": "277529535409",
    "project_id": "emailsignin-a03d7",
    "storage_bucket": "emailsignin-a03d7.appspot.com"
  },
  "client": [
    {
      "client_info": {
        "mobilesdk_app_id": "1:277529535409:android:cf048ac6aa397e065d1390",
        "android_client_info": {
          "package_name": "com.example.emailsignin"
        }
      },
      "oauth_client": [
        {
          "client_id": "277529535409-lum14jfi8jgve5dgsmsavprmhqrmn97h.apps.googleusercontent.com",
          "client_type": 1,
          "android_info": {
            "package_name": "com.example.emailsignin",
            "certificate_hash": "8150b93064e7e2fa615806f5d6c81dcd406c22c0"
          }
        },
        {
          "client_id": "277529535409-rq1v1vouvn8db3lga91h50qc0gkbspa8.apps.googleusercontent.com",
          "client_type": 3
        }
      ],
      "api_key": [
        {
          "current_key": "AIzaSyC5LBWjhpCJOOj7zIeIiPdcaFDr1bOvfwU"
        }
      ],
      "services": {
        "appinvite_service": {
          "other_platform_oauth_client": [
            {
              "client_id": "277529535409-rq1v1vouvn8db3lga91h50qc0gkbspa8.apps.googleusercontent.com",
              "client_type": 3
            }
          ]
        }
      }
    }
  ],
  "configuration_version": "1"
}